Workbook

Sheet Summary
A1: Interview Prep Tracker: Progress Summary
A2: All figures below are formulas driven by the 'DSA Tracker' sheet. Just update the tracker; this page updates itself.
A4: Overall
A5: Total problems | B5: =COUNTA('DSA Tracker'!$C$2:$C$70) -> 69
A6: Attempted | B6: =COUNTIF('DSA Tracker'!$I$2:$I$70,"Yes") -> 0
A7: Solved without hints | B7: =COUNTIF('DSA Tracker'!$J$2:$J$70,"Yes") -> 0
A8: % Attempted | B8: =IF(B5=0,0,B6/B5) -> 0
A9: % Solved without hints | B9: =IF(B5=0,0,B7/B5) -> 0
A10: Total time spent (min) | B10: =SUM('DSA Tracker'!$K$2:$K$70) -> 0
A11: By DSA Topic
A12: DSA Topic | B12: Total | C12: Attempted | D12: Solved w/o Hints | E12: % Attempted
A13: Arrays & Hashing | B13: =COUNTIF('DSA Tracker'!$B$2:$B$70,A13) -> 9 | C13: =COUNTIFS('DSA Tracker'!$B$2:$B$70,A13,'DSA Tracker'!$I$2:$I$70,"Yes") -> 0 | D13: =COUNTIFS('DSA Tracker'!$B$2:$B$70,A13,'DSA Tracker'!$J$2:$J$70,"Yes") -> 0 | E13: =IF(B13=0,0,C13/B13) -> 0
A14: Two Pointers | B14: =COUNTIF('DSA Tracker'!$B$2:$B$70,A14) -> 4 | C14: =COUNTIFS('DSA Tracker'!$B$2:$B$70,A14,'DSA Tracker'!$I$2:$I$70,"Yes") -> 0 | D14: =COUNTIFS('DSA Tracker'!$B$2:$B$70,A14,'DSA Tracker'!$J$2:$J$70,"Yes") -> 0 | E14: =IF(B14=0,0,C14/B14) -> 0
A15: Sliding Window | B15: =COUNTIF('DSA Tracker'!$B$2:$B$70,A15) -> 4 | C15: =COUNTIFS('DSA Tracker'!$B$2:$B$70,A15,'DSA Tracker'!$I$2:$I$70,"Yes") -> 0 | D15: =COUNTIFS('DSA Tracker'!$B$2:$B$70,A15,'DSA Tracker'!$J$2:$J$70,"Yes") -> 0 | E15: =IF(B15=0,0,C15/B15) -> 0
A16: Stack | B16: =COUNTIF('DSA Tracker'!$B$2:$B$70,A16) -> 4 | C16: =COUNTIFS('DSA Tracker'!$B$2:$B$70,A16,'DSA Tracker'!$I$2:$I$70,"Yes") -> 0 | D16: =COUNTIFS('DSA Tracker'!$B$2:$B$70,A16,'DSA Tracker'!$J$2:$J$70,"Yes") -> 0 | E16: =IF(B16=0,0,C16/B16) -> 0
A17: Binary Search | B17: =COUNTIF('DSA Tracker'!$B$2:$B$70,A17) -> 5 | C17: =COUNTIFS('DSA Tracker'!$B$2:$B$70,A17,'DSA Tracker'!$I$2:$I$70,"Yes") -> 0 | D17: =COUNTIFS('DSA Tracker'!$B$2:$B$70,A17,'DSA Tracker'!$J$2:$J$70,"Yes") -> 0 | E17: =IF(B17=0,0,C17/B17) -> 0
A18: Linked List | B18: =COUNTIF('DSA Tracker'!$B$2:$B$70,A18) -> 6 | C18: =COUNTIFS('DSA Tracker'!$B$2:$B$70,A18,'DSA Tracker'!$I$2:$I$70,"Yes") -> 0 | D18: =COUNTIFS('DSA Tracker'!$B$2:$B$70,A18,'DSA Tracker'!$J$2:$J$70,"Yes") -> 0 | E18: =IF(B18=0,0,C18/B18) -> 0
A19: Trees | B19: =COUNTIF('DSA Tracker'!$B$2:$B$70,A19) -> 7 | C19: =COUNTIFS('DSA Tracker'!$B$2:$B$70,A19,'DSA Tracker'!$I$2:$I$70,"Yes") -> 0 | D19: =COUNTIFS('DSA Tracker'!$B$2:$B$70,A19,'DSA Tracker'!$J$2:$J$70,"Yes") -> 0 | E19: =IF(B19=0,0,C19/B19) -> 0
A20: Heap / Priority Queue | B20: =COUNTIF('DSA Tracker'!$B$2:$B$70,A20) -> 4 | C20: =COUNTIFS('DSA Tracker'!$B$2:$B$70,A20,'DSA Tracker'!$I$2:$I$70,"Yes") -> 0 | D20: =COUNTIFS('DSA Tracker'!$B$2:$B$70,A20,'DSA Tracker'!$J$2:$J$70,"Yes") -> 0 | E20: =IF(B20=0,0,C20/B20) -> 0
A21: Backtracking | B21: =COUNTIF('DSA Tracker'!$B$2:$B$70,A21) -> 5 | C21: =COUNTIFS('DSA Tracker'!$B$2:$B$70,A21,'DSA Tracker'!$I$2:$I$70,"Yes") -> 0 | D21: =COUNTIFS('DSA Tracker'!$B$2:$B$70,A21,'DSA Tracker'!$J$2:$J$70,"Yes") -> 0 | E21: =IF(B21=0,0,C21/B21) -> 0
A22: Tries | B22: =COUNTIF('DSA Tracker'!$B$2:$B$70,A22) -> 2 | C22: =COUNTIFS('DSA Tracker'!$B$2:$B$70,A22,'DSA Tracker'!$I$2:$I$70,"Yes") -> 0 | D22: =COUNTIFS('DSA Tracker'!$B$2:$B$70,A22,'DSA Tracker'!$J$2:$J$70,"Yes") -> 0 | E22: =IF(B22=0,0,C22/B22) -> 0
A23: Graphs | B23: =COUNTIF('DSA Tracker'!$B$2:$B$70,A23) -> 6 | C23: =COUNTIFS('DSA Tracker'!$B$2:$B$70,A23,'DSA Tracker'!$I$2:$I$70,"Yes") -> 0 | D23: =COUNTIFS('DSA Tracker'!$B$2:$B$70,A23,'DSA Tracker'!$J$2:$J$70,"Yes") -> 0 | E23: =IF(B23=0,0,C23/B23) -> 0
A24: Dynamic Programming | B24: =COUNTIF('DSA Tracker'!$B$2:$B$70,A24) -> 8 | C24: =COUNTIFS('DSA Tracker'!$B$2:$B$70,A24,'DSA Tracker'!$I$2:$I$70,"Yes") -> 0 | D24: =COUNTIFS('DSA Tracker'!$B$2:$B$70,A24,'DSA Tracker'!$J$2:$J$70,"Yes") -> 0 | E24: =IF(B24=0,0,C24/B24) -> 0
... A27: Bit Manipulation | B27: =COUNTIF('DSA Tracker'!$B$2:$B$70,A27) -> 2 | C27: =COUNTIFS('DSA Tracker'!$B$2:$B$70,A27,'DSA Tracker'!$I$2:$I$70,"Yes") -> 0 | D27: =COUNTIFS('DSA Tracker'!$B$2:$B$70,A27,'DSA Tracker'!$J$2:$J$70,"Yes") -> 0 | E27: =IF(B27=0,0,C27/B27) -> 0
A28: Total | B28: =SUM(B13:B27) -> 69 | C28: =SUM(C13:C27) -> 0 | D28: =SUM(D13:D27) -> 0 | E28: =IF(B28=0,0,C28/B28) -> 0
A30: By Difficulty
A31: Difficulty | B31: Total | C31: Attempted | D31: Solved w/o Hints | E31: % Attempted
A32: Easy | B32: =COUNTIF('DSA Tracker'!$E$2:$E$70,A32) -> 16 | C32: =COUNTIFS('DSA Tracker'!$E$2:$E$70,A32,'DSA Tracker'!$I$2:$I$70,"Yes") -> 0 | D32: =COUNTIFS('DSA Tracker'!$E$2:$E$70,A32,'DSA Tracker'!$J$2:$J$70,"Yes") -> 0 | E32: =IF(B32=0,0,C32/B32) -> 0
A33: Medium | B33: =COUNTIF('DSA Tracker'!$E$2:$E$70,A33) -> 40 | C33: =COUNTIFS('DSA Tracker'!$E$2:$E$70,A33,'DSA Tracker'!$I$2:$I$70,"Yes") -> 0 | D33: =COUNTIFS('DSA Tracker'!$E$2:$E$70,A33,'DSA Tracker'!$J$2:$J$70,"Yes") -> 0 | E33: =IF(B33=0,0,C33/B33) -> 0
A34: Hard | B34: =COUNTIF('DSA Tracker'!$E$2:$E$70,A34) -> 13 | C34: =COUNTIFS('DSA Tracker'!$E$2:$E$70,A34,'DSA Tracker'!$I$2:$I$70,"Yes") -> 0 | D34: =COUNTIFS('DSA Tracker'!$E$2:$E$70,A34,'DSA Tracker'!$J$2:$J$70,"Yes") -> 0 | E34: =IF(B34=0,0,C34/B34) -> 0
A37: How to use
A38: 1. Go to the 'DSA Tracker' sheet and fill only the last 5 columns: Attempted, Solved Without Hints (pick Yes/No), Time Taken (minutes), Revisit Date, Notes.
A39: 2. Example of expected format: Attempted = Yes | Solved Without Hints = No | Time Taken = 25 | Revisit Date = 01-Oct-2026 | Notes = 'forgot to handle empty array'.
A40: 3. Use the filter arrows on the header row to filter by DSA Topic, Difficulty, or any company (e.g. type 'Razorpay' in the Top Startups filter's search box).
A41: 4. Company columns are based on commonly reported interview patterns (candidate reports, LeetCode/GeeksforGeeks tags). They are a guide, not a guarantee.
A42: 5. Service-based MNCs (TCS, Infosys, Accenture, Cognizant) mostly ask Easy problems; product MNCs (Microsoft, Adobe, Oracle, Goldman Sachs) go up to Medium/Hard.

Sheet DSA Tracker
A1: # | B1: DSA Topic | C1: Question | D1: Pattern / Technique | E1: Difficulty | F1: MAANG / FAANG | G1: Top Startups | H1: Top MNCs | I1: Attempted | J1: Solved Without Hints | K1: Time Taken (min) | L1: Revisit Date | M1: Notes
A2: 1 | B2: Arrays & Hashing | C2: Two Sum | D2: Hash Map | E2: Easy | F2: Amazon, Google, Meta, Apple | G2: Razorpay, Zomato, Flipkart | H2: TCS, Infosys, Accenture, Microsoft | I2: No
A3: 2 | B3: Arrays & Hashing | C3: Contains Duplicate | D3: Hash Set | E3: Easy | F3: Amazon, Apple | G3: Swiggy, Meesho | H3: TCS, Cognizant, Infosys | I3: No
A4: 3 | B4: Arrays & Hashing | C4: Valid Anagram | D4: Frequency Count | E4: Easy | F4: Amazon, Meta | G4: Zomato, Paytm | H4: Accenture, Cognizant, IBM | I4: No
A5: 4 | B5: Arrays & Hashing | C5: Group Anagrams | D5: Hash Map + Sorting | E5: Medium | F5: Amazon, Google, Meta | G5: Flipkart, Swiggy | H5: Microsoft, Goldman Sachs | I5: No
A6: 5 | B6: Arrays & Hashing | C6: Product of Array Except Self | D6: Prefix / Suffix | E6: Medium | F6: Amazon, Meta, Apple | G6: Flipkart, CRED | H6: Microsoft, Adobe | I6: No
A7: 6 | B7: Arrays & Hashing | C7: Best Time to Buy and Sell Stock | D7: Greedy, One Pass | E7: Easy | F7: Amazon, Meta, Google | G7: Razorpay, Zerodha | H7: Goldman Sachs, Walmart, Infosys | I7: No
A8: 7 | B8: Arrays & Hashing | C8: Longest Consecutive Sequence | D8: Hash Set | E8: Medium | F8: Google, Amazon, Meta | G8: CRED, PhonePe | H8: Microsoft, Oracle | I8: No
A9: 8 | B9: Arrays & Hashing | C9: Move Zeroes | D9: In-place Two Pointers | E9: Easy | F9: Meta, Amazon | G9: Zomato, Meesho | H9: TCS, Infosys, Cognizant | I9: No
A10: 9 | B10: Arrays & Hashing | C10: Rotate Array | D10: Reverse Trick | E10: Medium | F10: Meta, Amazon | G10: Swiggy, Paytm | H10: TCS, Adobe, Wipro | I10: No
A11: 10 | B11: Two Pointers | C11: Valid Palindrome | D11: Two Pointers | E11: Easy | F11: Meta, Amazon | G11: Zomato, Swiggy | H11: TCS, Infosys, Accenture | I11: No
A12: 11 | B12: Two Pointers | C12: 3Sum | D12: Sort + Two Pointers | E12: Medium | F12: Meta, Amazon, Google | G12: Flipkart, PhonePe | H12: Microsoft, Goldman Sachs | I12: No
A13: 12 | B13: Two Pointers | C13: Container With Most Water | D13: Two Pointers, Greedy | E13: Medium | F13: Amazon, Google, Meta | G13: Flipkart, Swiggy | H13: Microsoft, Adobe | I13: No
... A70: 69 | B70: Bit Manipulation | C70: Number of 1 Bits | D70: Bit Counting | E70: Easy | F70: Apple, Amazon | G70: Zerodha, Paytm | H70: TCS, Cognizant, Microsoft | I70: No

Sheet System Design
A1: # | B1: Question | C1: Key Concepts to Cover | D1: Level | E1: MAANG / FAANG | F1: Top Startups | G1: Top MNCs | H1: Attempted | I1: Notes
A2: 1 | B2: Design a URL Shortener | C2: Hashing / base62, DB choice, caching, scaling reads | D2: Entry to Mid | E2: Amazon, Google, Meta | F2: Razorpay, Zomato, Swiggy | G2: Microsoft, Oracle, Goldman Sachs | H2: No
A3: 2 | B3: Design a Rate Limiter | C3: Token bucket, sliding window, Redis, distributed limits | D3: Mid | E3: Amazon, Google, Meta | F3: Razorpay, CRED, PhonePe | G3: Microsoft, Adobe, Walmart | H3: No
A4: 3 | B4: Design a Notification System | C4: Queues, retries, priority, idempotency, fan-out | D4: Mid | E4: Amazon, Meta, Apple | F4: Swiggy, Zomato, Flipkart | G4: Microsoft, Oracle | H4: No
A5: 4 | B5: Design Twitter / Instagram Feed | C5: Fan-out on write vs read, timelines, caching, sharding | D5: Mid to Senior | E5: Meta, Google, Amazon | F5: Meesho, ShareChat | G5: Microsoft, Adobe | H5: No
A6: 5 | B6: Design WhatsApp / Chat System | C6: WebSockets, message queues, delivery receipts, storage | D6: Mid to Senior | E6: Meta, Google, Apple | F6: Swiggy, Flipkart | G6: Microsoft, Goldman Sachs | H6: No
A7: 6 | B7: Design YouTube / Netflix | C7: CDN, video encoding, storage, recommendations | D7: Senior | E7: Netflix, Google, Amazon | F7: Hotstar, Zomato | G7: Microsoft, Oracle | H7: No
A8: 7 | B8: Design Google Drive / Dropbox | C8: Chunking, sync, metadata DB, consistency | D8: Senior | E8: Google, Amazon, Apple | F8: Razorpay, PhonePe | G8: Microsoft, Adobe | H8: No
A9: 8 | B9: Design a Food Delivery System | C9: Order flow, geo-search, matching, ETA, payments | D9: Mid to Senior | E9: Amazon, Google | F9: Zomato, Swiggy | G9: Walmart, Microsoft | H9: No
A10: 9 | B10: Design a Ride Sharing App | C10: Geo-indexing, driver matching, surge pricing, real-time tracking | D10: Senior | E10: Google, Amazon, Meta | F10: Ola, Rapido, Swiggy | G10: Microsoft, Goldman Sachs | H10: No
A11: 10 | B11: Design a Payment System / Wallet | C11: ACID, ledger, idempotency, reconciliation, fraud checks | D11: Senior | E11: Amazon, Apple, Meta | F11: Razorpay, PhonePe, CRED, Paytm | G11: Goldman Sachs, Microsoft, Oracle | H11: No
A12: 11 | B12: Design an E-commerce Platform | C12: Catalog, cart, inventory, orders, search, flash sales | D12: Mid to Senior | E12: Amazon, Google | F12: Flipkart, Meesho | G12: Walmart, Microsoft, Oracle | H12: No
A13: 12 | B13: Design a Search Autocomplete | C13: Trie, ranking, caching, top-k suggestions | D13: Mid | E13: Google, Amazon, Meta | F13: Flipkart, Swiggy | G13: Microsoft, Adobe | H13: No
